{"_id":{"$oid":"62d6e072cab6d8e1304974b4"},"transfer_id":"TR388464562","to_account":"MDB995762179","from_account":"MDB584129186","amount":{"$numberDecimal":"31"}}
{"_id":{"$oid":"62d6e072cab6d8e1304974b7"},"transfer_id":"TR492599144","to_account":"MDB584129186","from_account":"MDB835466518","amount":{"$numberDecimal":"2779"}}
{"_id":{"$oid":"62d6e072cab6d8e1304974b5"},"transfer_id":"TR488315128","to_account":"MDB343652528","from_account":"MDB574189300","amount":{"$numberDecimal":"3736"}}
{"_id":{"$oid":"62d6e072cab6d8e1304974bd"},"transfer_id":"TR854412948","to_account":"MDB333829449","from_account":"MDB190734124","amount":{"$numberDecimal":"821"}}
{"_id":{"$oid":"62d6e072cab6d8e1304974be"},"transfer_id":"TR844040782","to_account":"MDB672307611","from_account":"MDB111454924","amount":{"$numberDecimal":"1685"}}
{"_id":{"$oid":"62d6e072cab6d8e1304974bc"},"transfer_id":"TR772657857","to_account":"MDB584129186","from_account":"MDB106490729","amount":{"$numberDecimal":"1475"}}
{"_id":{"$oid":"62d6e072cab6d8e1304974bf"},"transfer_id":"TR401663822","to_account":"MDB574189300","from_account":"MDB405111108","amount":{"$numberDecimal":"1046"}}
{"_id":{"$oid":"62d6e072cab6d8e1304974c0"},"transfer_id":"TR859060098","to_account":"MDB786183140","from_account":"MDB190468049","amount":{"$numberDecimal":"3799"}}
{"_id":{"$oid":"62d6e072cab6d8e1304974c1"},"transfer_id":"TR628105502","to_account":"MDB963447467","from_account":"MDB955769550","amount":{"$numberDecimal":"1786"}}
{"_id":{"$oid":"62d6e072cab6d8e1304974c2"},"transfer_id":"TR701302549","to_account":"MDB441599102","from_account":"MDB773154309","amount":{"$numberDecimal":"1134"}}
{"_id":{"$oid":"62d6e072cab6d8e1304974c3"},"transfer_id":"TR652631048","to_account":"MDB963134500","from_account":"MDB584129186","amount":{"$numberDecimal":"3046"}}
{"_id":{"$oid":"62d6e072cab6d8e1304974c4"},"transfer_id":"TR197586149","to_account":"MDB361428043","from_account":"MDB955769550","amount":{"$numberDecimal":"1363"}}
{"_id":{"$oid":"62d6e072cab6d8e1304974ba"},"transfer_id":"TR363225188","to_account":"MDB605641817","from_account":"MDB981220803","amount":{"$numberDecimal":"2105"}}
{"_id":{"$oid":"62d6e072cab6d8e1304974c5"},"transfer_id":"TR310559423","to_account":"MDB727578791","from_account":"MDB781941755","amount":{"$numberDecimal":"975"}}
{"_id":{"$oid":"62d6e072cab6d8e1304974c6"},"transfer_id":"TR804717645","to_account":"MDB483602563","from_account":"MDB951086017","amount":{"$numberDecimal":"1420"}}
{"_id":{"$oid":"62d6e072cab6d8e1304974c9"},"transfer_id":"TR266287079","to_account":"MDB672307611","from_account":"MDB773154309","amount":{"$numberDecimal":"2639"}}
{"_id":{"$oid":"62d6e072cab6d8e1304974b9"},"transfer_id":"TR794525519","to_account":"MDB860108756","from_account":"MDB358114221","amount":{"$numberDecimal":"716"}}
{"_id":{"$oid":"62d6e072cab6d8e1304974ca"},"transfer_id":"TR252391282","to_account":"MDB905411541","from_account":"MDB727578791","amount":{"$numberDecimal":"4570"}}
{"_id":{"$oid":"62d6e072cab6d8e1304974cb"},"transfer_id":"TR846259280","to_account":"MDB963134500","from_account":"MDB600314692","amount":{"$numberDecimal":"1628"}}
{"_id":{"$oid":"62d6e072cab6d8e1304974cc"},"transfer_id":"TR240521497","to_account":"MDB905411541","from_account":"MDB565900210","amount":{"$numberDecimal":"1231"}}
{"_id":{"$oid":"62d6e072cab6d8e1304974c8"},"transfer_id":"TR636449909","to_account":"MDB267283685","from_account":"MDB747999394","amount":{"$numberDecimal":"568"}}
{"_id":{"$oid":"62d6e072cab6d8e1304974cd"},"transfer_id":"TR465052001","to_account":"MDB106490729","from_account":"MDB190734124","amount":{"$numberDecimal":"2223"}}
{"_id":{"$oid":"62d6e072cab6d8e1304974cf"},"transfer_id":"TR723561059","to_account":"MDB995762179","from_account":"MDB546986470","amount":{"$numberDecimal":"4500"}}
{"_id":{"$oid":"62d6e072cab6d8e1304974d0"},"transfer_id":"TR840893222","to_account":"MDB111454924","from_account":"MDB358114221","amount":{"$numberDecimal":"1539"}}
{"_id":{"$oid":"62d6e072cab6d8e1304974d1"},"transfer_id":"TR728134708","to_account":"MDB740836066","from_account":"MDB190734124","amount":{"$numberDecimal":"3207"}}
{"_id":{"$oid":"62d6e072cab6d8e1304974d2"},"transfer_id":"TR223745532","to_account":"MDB643731035","from_account":"MDB963447467","amount":{"$numberDecimal":"333"}}
{"_id":{"$oid":"62d6e072cab6d8e1304974ce"},"transfer_id":"TR438340424","to_account":"MDB963447467","from_account":"MDB584129186","amount":{"$numberDecimal":"3365"}}
{"_id":{"$oid":"62d6e072cab6d8e1304974b8"},"transfer_id":"TR145258460","to_account":"MDB951086017","from_account":"MDB405111108","amount":{"$numberDecimal":"429"}}
{"_id":{"$oid":"62d6e072cab6d8e1304974c7"},"transfer_id":"TR784553031","to_account":"MDB740836066","from_account":"MDB584129186","amount":{"$numberDecimal":"2583"}}
{"_id":{"$oid":"62d6e072cab6d8e1304974bb"},"transfer_id":"TR582489716","to_account":"MDB106490729","from_account":"MDB641809724","amount":{"$numberDecimal":"61"}}
{"_id":{"$oid":"62d6e072cab6d8e1304974d3"},"transfer_id":"TR729044189","to_account":"MDB190468049","from_account":"MDB963447467","amount":{"$numberDecimal":"3059"}}
{"_id":{"$oid":"62d6e072cab6d8e1304974d4"},"transfer_id":"TR432759196","to_account":"MDB870205338","from_account":"MDB781941755","amount":{"$numberDecimal":"2355"}}
{"_id":{"$oid":"62d6e072cab6d8e1304974d5"},"transfer_id":"TR623850306","to_account":"MDB141945501","from_account":"MDB565900210","amount":{"$numberDecimal":"1633"}}
{"_id":{"$oid":"62d6e072cab6d8e1304974da"},"transfer_id":"TR413308451","to_account":"MDB333829449","from_account":"MDB773154309","amount":{"$numberDecimal":"14"}}
{"_id":{"$oid":"62d6e072cab6d8e1304974d8"},"transfer_id":"TR797654953","to_account":"MDB574189300","from_account":"MDB870205338","amount":{"$numberDecimal":"769"}}
{"_id":{"$oid":"62d6e072cab6d8e1304974d7"},"transfer_id":"TR705596990","to_account":"MDB546986470","from_account":"MDB600314692","amount":{"$numberDecimal":"37"}}
{"_id":{"$oid":"62d6e072cab6d8e1304974db"},"transfer_id":"TR874734278","to_account":"MDB731846764","from_account":"MDB600314692","amount":{"$numberDecimal":"1483"}}
{"_id":{"$oid":"62d6e072cab6d8e1304974dc"},"transfer_id":"TR533709159","to_account":"MDB781941755","from_account":"MDB405111108","amount":{"$numberDecimal":"2391"}}
{"_id":{"$oid":"62d6e072cab6d8e1304974df"},"transfer_id":"TR126484922","to_account":"MDB190468049","from_account":"MDB185139970","amount":{"$numberDecimal":"121"}}
{"_id":{"$oid":"62d6e072cab6d8e1304974d9"},"transfer_id":"TR794275457","to_account":"MDB995762179","from_account":"MDB546986470","amount":{"$numberDecimal":"2837"}}
{"_id":{"$oid":"62d6e072cab6d8e1304974e0"},"transfer_id":"TR670287839","to_account":"MDB584129186","from_account":"MDB156014571","amount":{"$numberDecimal":"773"}}
{"_id":{"$oid":"62d6e072cab6d8e1304974e2"},"transfer_id":"TR449059850","to_account":"MDB584129186","from_account":"MDB829751145","amount":{"$numberDecimal":"2678"}}
{"_id":{"$oid":"62d6e072cab6d8e1304974e1"},"transfer_id":"TR623268180","to_account":"MDB141945501","from_account":"MDB641809724","amount":{"$numberDecimal":"1307"}}
{"_id":{"$oid":"62d6e072cab6d8e1304974e3"},"transfer_id":"TR586833243","to_account":"MDB955769550","from_account":"MDB106490729","amount":{"$numberDecimal":"1991"}}
{"_id":{"$oid":"62d6e072cab6d8e1304974e4"},"transfer_id":"TR226678848","to_account":"MDB441599102","from_account":"MDB574189300","amount":{"$numberDecimal":"3417"}}
{"_id":{"$oid":"62d6e072cab6d8e1304974e5"},"transfer_id":"TR127246638","to_account":"MDB111454924","from_account":"MDB361428043","amount":{"$numberDecimal":"1133"}}
{"_id":{"$oid":"62d6e072cab6d8e1304974b6"},"transfer_id":"TR790897036","to_account":"MDB860108756","from_account":"MDB111454924","amount":{"$numberDecimal":"565"}}
{"_id":{"$oid":"62d6e072cab6d8e1304974e6"},"transfer_id":"TR322300049","to_account":"MDB600314692","from_account":"MDB546986470","amount":{"$numberDecimal":"2629"}}
{"_id":{"$oid":"62d6e072cab6d8e1304974e8"},"transfer_id":"TR412957052","to_account":"MDB963134500","from_account":"MDB963447467","amount":{"$numberDecimal":"2933"}}
{"_id":{"$oid":"62d6e072cab6d8e1304974d6"},"transfer_id":"TR231504207","to_account":"MDB534711911","from_account":"MDB267283685","amount":{"$numberDecimal":"3559"}}
{"_id":{"$oid":"62d6e072cab6d8e1304974e9"},"transfer_id":"TR435159640","to_account":"MDB358114221","from_account":"MDB860108756","amount":{"$numberDecimal":"1350"}}
{"_id":{"$oid":"62d6e072cab6d8e1304974ed"},"transfer_id":"TR698953299","to_account":"MDB534711911","from_account":"MDB641809724","amount":{"$numberDecimal":"752"}}
{"_id":{"$oid":"62d6e072cab6d8e1304974ee"},"transfer_id":"TR284399897","to_account":"MDB106490729","from_account":"MDB955769550","amount":{"$numberDecimal":"1620"}}
{"_id":{"$oid":"62d6e072cab6d8e1304974ef"},"transfer_id":"TR960055835","to_account":"MDB600314692","from_account":"MDB773154309","amount":{"$numberDecimal":"1843"}}
{"_id":{"$oid":"62d6e072cab6d8e1304974f0"},"transfer_id":"TR657500365","to_account":"MDB860108756","from_account":"MDB786183140","amount":{"$numberDecimal":"352"}}
{"_id":{"$oid":"62d6e072cab6d8e1304974f1"},"transfer_id":"TR733436442","to_account":"MDB361428043","from_account":"MDB358114221","amount":{"$numberDecimal":"2525"}}
{"_id":{"$oid":"62d6e072cab6d8e1304974f2"},"transfer_id":"TR328708274","to_account":"MDB786183140","from_account":"MDB333829449","amount":{"$numberDecimal":"3800"}}
{"_id":{"$oid":"62d6e072cab6d8e1304974f3"},"transfer_id":"TR266268604","to_account":"MDB185139970","from_account":"MDB829000996","amount":{"$numberDecimal":"2332"}}
{"_id":{"$oid":"62d6e072cab6d8e1304974ea"},"transfer_id":"TR612624809","to_account":"MDB441599102","from_account":"MDB361428043","amount":{"$numberDecimal":"1108"}}
{"_id":{"$oid":"62d6e072cab6d8e1304974f5"},"transfer_id":"TR196496993","to_account":"MDB111454924","from_account":"MDB534711911","amount":{"$numberDecimal":"204"}}
{"_id":{"$oid":"62d6e072cab6d8e1304974f6"},"transfer_id":"TR384899694","to_account":"MDB111454924","from_account":"MDB546986470","amount":{"$numberDecimal":"4030"}}
{"_id":{"$oid":"62d6e072cab6d8e1304974e7"},"transfer_id":"TR328922762","to_account":"MDB361428043","from_account":"MDB574189300","amount":{"$numberDecimal":"1853"}}
{"_id":{"$oid":"62d6e072cab6d8e1304974f7"},"transfer_id":"TR969702980","to_account":"MDB358114221","from_account":"MDB600314692","amount":{"$numberDecimal":"142"}}
{"_id":{"$oid":"62d6e072cab6d8e1304974f4"},"transfer_id":"TR530371159","to_account":"MDB111454924","from_account":"MDB600314692","amount":{"$numberDecimal":"402"}}
{"_id":{"$oid":"62d6e072cab6d8e1304974f8"},"transfer_id":"TR399880553","to_account":"MDB185139970","from_account":"MDB829000996","amount":{"$numberDecimal":"553"}}
{"_id":{"$oid":"62d6e072cab6d8e1304974ec"},"transfer_id":"TR519499915","to_account":"MDB963134500","from_account":"MDB963447467","amount":{"$numberDecimal":"663"}}
{"_id":{"$oid":"62d6e072cab6d8e1304974f9"},"transfer_id":"TR360542570","to_account":"MDB860108756","from_account":"MDB605641817","amount":{"$numberDecimal":"2483"}}
{"_id":{"$oid":"62d6e072cab6d8e1304974fb"},"transfer_id":"TR660220630","to_account":"MDB185139970","from_account":"MDB565900210","amount":{"$numberDecimal":"1824"}}
{"_id":{"$oid":"62d6e072cab6d8e1304974fc"},"transfer_id":"TR970669987","to_account":"MDB829751145","from_account":"MDB546986470","amount":{"$numberDecimal":"2889"}}
{"_id":{"$oid":"62d6e072cab6d8e1304974fd"},"transfer_id":"TR518071954","to_account":"MDB643731035","from_account":"MDB269695119","amount":{"$numberDecimal":"511"}}
{"_id":{"$oid":"62d6e072cab6d8e1304974fa"},"transfer_id":"TR724326209","to_account":"MDB829751145","from_account":"MDB727578791","amount":{"$numberDecimal":"3844"}}
{"_id":{"$oid":"62d6e072cab6d8e1304974fe"},"transfer_id":"TR389450470","to_account":"MDB483602563","from_account":"MDB405111108","amount":{"$numberDecimal":"900"}}
{"_id":{"$oid":"62d6e072cab6d8e1304974ff"},"transfer_id":"TR784460958","to_account":"MDB951086017","from_account":"MDB773154309","amount":{"$numberDecimal":"1272"}}
{"_id":{"$oid":"62d6e072cab6d8e1304974dd"},"transfer_id":"TR164442369","to_account":"MDB641809724","from_account":"MDB267283685","amount":{"$numberDecimal":"4383"}}
{"_id":{"$oid":"62d6e072cab6d8e1304974de"},"transfer_id":"TR251243341","to_account":"MDB641809724","from_account":"MDB574189300","amount":{"$numberDecimal":"3968"}}
{"_id":{"$oid":"62d6e072cab6d8e1304974eb"},"transfer_id":"TR806537605","to_account":"MDB526002521","from_account":"MDB190734124","amount":{"$numberDecimal":"2645"}}
{"_id":{"$oid":"62d6e072cab6d8e130497500"},"transfer_id":"TR931400873","to_account":"MDB483602563","from_account":"MDB111454924","amount":{"$numberDecimal":"1063"}}
{"_id":{"$oid":"62d6e072cab6d8e130497501"},"transfer_id":"TR347020783","to_account":"MDB731846764","from_account":"MDB534711911","amount":{"$numberDecimal":"2555"}}
{"_id":{"$oid":"62d6e072cab6d8e130497502"},"transfer_id":"TR958659200","to_account":"MDB405111108","from_account":"MDB835466518","amount":{"$numberDecimal":"2637"}}
{"_id":{"$oid":"62d6e072cab6d8e130497503"},"transfer_id":"TR617907396","to_account":"MDB781941755","from_account":"MDB190468049","amount":{"$numberDecimal":"2459"}}
{"_id":{"$oid":"62d6e072cab6d8e130497504"},"transfer_id":"TR560760226","to_account":"MDB361428043","from_account":"MDB781941755","amount":{"$numberDecimal":"1421"}}
{"_id":{"$oid":"62d6e072cab6d8e130497505"},"transfer_id":"TR624846987","to_account":"MDB584129186","from_account":"MDB723623628","amount":{"$numberDecimal":"200"}}
{"_id":{"$oid":"62d6e072cab6d8e13049750c"},"transfer_id":"TR301170410","to_account":"MDB773154309","from_account":"MDB185139970","amount":{"$numberDecimal":"1799"}}
{"_id":{"$oid":"62d6e072cab6d8e13049750e"},"transfer_id":"TR263516360","to_account":"MDB185139970","from_account":"MDB441599102","amount":{"$numberDecimal":"923"}}
{"_id":{"$oid":"62d6e072cab6d8e130497508"},"transfer_id":"TR733557686","to_account":"MDB358114221","from_account":"MDB574189300","amount":{"$numberDecimal":"4690"}}
{"_id":{"$oid":"62d6e072cab6d8e13049750b"},"transfer_id":"TR320847789","to_account":"MDB829751145","from_account":"MDB641809724","amount":{"$numberDecimal":"595"}}
{"_id":{"$oid":"62d6e072cab6d8e13049750d"},"transfer_id":"TR618131506","to_account":"MDB747999394","from_account":"MDB605641817","amount":{"$numberDecimal":"270"}}
{"_id":{"$oid":"62d6e072cab6d8e13049750f"},"transfer_id":"TR754613303","to_account":"MDB773154309","from_account":"MDB574189300","amount":{"$numberDecimal":"2017"}}
{"_id":{"$oid":"62d6e072cab6d8e130497512"},"transfer_id":"TR972455503","to_account":"MDB185139970","from_account":"MDB534711911","amount":{"$numberDecimal":"887"}}
{"_id":{"$oid":"62d6e072cab6d8e130497510"},"transfer_id":"TR893259952","to_account":"MDB106490729","from_account":"MDB643731035","amount":{"$numberDecimal":"116"}}
{"_id":{"$oid":"62d6e072cab6d8e130497513"},"transfer_id":"TR277358549","to_account":"MDB829000996","from_account":"MDB641809724","amount":{"$numberDecimal":"350"}}
{"_id":{"$oid":"62d6e072cab6d8e130497514"},"transfer_id":"TR409008493","to_account":"MDB269695119","from_account":"MDB995762179","amount":{"$numberDecimal":"528"}}
{"_id":{"$oid":"62d6e072cab6d8e130497506"},"transfer_id":"TR707619518","to_account":"MDB905411541","from_account":"MDB483602563","amount":{"$numberDecimal":"1237"}}
{"_id":{"$oid":"62d6e072cab6d8e130497515"},"transfer_id":"TR695865388","to_account":"MDB441599102","from_account":"MDB829000996","amount":{"$numberDecimal":"1575"}}
{"_id":{"$oid":"62d6e072cab6d8e130497511"},"transfer_id":"TR914352039","to_account":"MDB141945501","from_account":"MDB963447467","amount":{"$numberDecimal":"54"}}
{"_id":{"$oid":"62d6e072cab6d8e130497517"},"transfer_id":"TR655897500","to_account":"MDB111454924","from_account":"MDB343652528","amount":{"$numberDecimal":"1543"}}
{"_id":{"$oid":"62d6e072cab6d8e130497516"},"transfer_id":"TR922856679","to_account":"MDB905411541","from_account":"MDB267283685","amount":{"$numberDecimal":"1778"}}
{"_id":{"$oid":"62d6e072cab6d8e130497509"},"transfer_id":"TR767971921","to_account":"MDB963134500","from_account":"MDB269695119","amount":{"$numberDecimal":"1294"}}
{"_id":{"$oid":"62d6e072cab6d8e13049750a"},"transfer_id":"TR152165907","to_account":"MDB269695119","from_account":"MDB860108756","amount":{"$numberDecimal":"1667"}}
{"_id":{"$oid":"62d6e072cab6d8e130497507"},"transfer_id":"TR369704039","to_account":"MDB747999394","from_account":"MDB835466518","amount":{"$numberDecimal":"1624"}}
{"_id":{"$oid":"62d6e072cab6d8e130497518"},"transfer_id":"TR679752211","to_account":"MDB405111108","from_account":"MDB156014571","amount":{"$numberDecimal":"278"}}
{"_id":{"$oid":"62d6e072cab6d8e130497519"},"transfer_id":"TR108536041","to_account":"MDB358114221","from_account":"MDB600314692","amount":{"$numberDecimal":"202"}}
{"_id":{"$oid":"62d6e072cab6d8e13049751c"},"transfer_id":"TR908412723","to_account":"MDB565900210","from_account":"MDB441599102","amount":{"$numberDecimal":"1875"}}
{"_id":{"$oid":"62d6e072cab6d8e13049751a"},"transfer_id":"TR465571137","to_account":"MDB951086017","from_account":"MDB835466518","amount":{"$numberDecimal":"1709"}}
{"_id":{"$oid":"62d6e072cab6d8e13049751f"},"transfer_id":"TR305996046","to_account":"MDB483602563","from_account":"MDB829751145","amount":{"$numberDecimal":"896"}}
{"_id":{"$oid":"62d6e072cab6d8e130497522"},"transfer_id":"TR303652148","to_account":"MDB727578791","from_account":"MDB584129186","amount":{"$numberDecimal":"1444"}}
{"_id":{"$oid":"62d6e072cab6d8e130497521"},"transfer_id":"TR710097503","to_account":"MDB106490729","from_account":"MDB773154309","amount":{"$numberDecimal":"1379"}}
{"_id":{"$oid":"62d6e072cab6d8e130497524"},"transfer_id":"TR438876245","to_account":"MDB672307611","from_account":"MDB358114221","amount":{"$numberDecimal":"206"}}
{"_id":{"$oid":"62d6e072cab6d8e130497526"},"transfer_id":"TR525919031","to_account":"MDB860108756","from_account":"MDB343652528","amount":{"$numberDecimal":"919"}}
{"_id":{"$oid":"62d6e072cab6d8e130497525"},"transfer_id":"TR311237819","to_account":"MDB643731035","from_account":"MDB358114221","amount":{"$numberDecimal":"2817"}}
{"_id":{"$oid":"62d6e072cab6d8e130497523"},"transfer_id":"TR412004424","to_account":"MDB786183140","from_account":"MDB441599102","amount":{"$numberDecimal":"1941"}}
{"_id":{"$oid":"62d6e072cab6d8e130497528"},"transfer_id":"TR386990516","to_account":"MDB641809724","from_account":"MDB731846764","amount":{"$numberDecimal":"946"}}
{"_id":{"$oid":"62d6e072cab6d8e130497529"},"transfer_id":"TR762109284","to_account":"MDB156014571","from_account":"MDB106490729","amount":{"$numberDecimal":"608"}}
{"_id":{"$oid":"62d6e072cab6d8e13049751b"},"transfer_id":"TR636054729","to_account":"MDB955769550","from_account":"MDB565900210","amount":{"$numberDecimal":"653"}}
{"_id":{"$oid":"62d6e072cab6d8e13049751d"},"transfer_id":"TR573014677","to_account":"MDB829000996","from_account":"MDB643731035","amount":{"$numberDecimal":"379"}}
{"_id":{"$oid":"62d6e072cab6d8e130497520"},"transfer_id":"TR854525844","to_account":"MDB156014571","from_account":"MDB747999394","amount":{"$numberDecimal":"422"}}
{"_id":{"$oid":"62d6e072cab6d8e13049751e"},"transfer_id":"TR977169322","to_account":"MDB963447467","from_account":"MDB269695119","amount":{"$numberDecimal":"151"}}
{"_id":{"$oid":"62d6e072cab6d8e13049752a"},"transfer_id":"TR884411337","to_account":"MDB786183140","from_account":"MDB905411541","amount":{"$numberDecimal":"1474"}}
{"_id":{"$oid":"62d6e072cab6d8e13049752b"},"transfer_id":"TR784339365","to_account":"MDB747999394","from_account":"MDB111454924","amount":{"$numberDecimal":"903"}}
{"_id":{"$oid":"62d6e072cab6d8e130497527"},"transfer_id":"TR170228745","to_account":"MDB672307611","from_account":"MDB269695119","amount":{"$numberDecimal":"192"}}
{"_id":{"$oid":"62d6e072cab6d8e130497533"},"transfer_id":"TR610171273","to_account":"MDB565900210","from_account":"MDB747999394","amount":{"$numberDecimal":"318"}}
{"_id":{"$oid":"62d6e072cab6d8e130497534"},"transfer_id":"TR956140035","to_account":"MDB905411541","from_account":"MDB343652528","amount":{"$numberDecimal":"490"}}
{"_id":{"$oid":"62d6e072cab6d8e130497535"},"transfer_id":"TR909828790","to_account":"MDB605641817","from_account":"MDB641809724","amount":{"$numberDecimal":"311"}}
{"_id":{"$oid":"62d6e072cab6d8e130497536"},"transfer_id":"TR884402901","to_account":"MDB185139970","from_account":"MDB835466518","amount":{"$numberDecimal":"2749"}}
{"_id":{"$oid":"62d6e072cab6d8e130497537"},"transfer_id":"TR717427175","to_account":"MDB981220803","from_account":"MDB963134500","amount":{"$numberDecimal":"1671"}}
{"_id":{"$oid":"62d6e072cab6d8e130497538"},"transfer_id":"TR201052297","to_account":"MDB951086017","from_account":"MDB723623628","amount":{"$numberDecimal":"82"}}
{"_id":{"$oid":"62d6e072cab6d8e130497539"},"transfer_id":"TR192714918","to_account":"MDB333829449","from_account":"MDB600314692","amount":{"$numberDecimal":"101"}}
{"_id":{"$oid":"62d6e072cab6d8e13049753a"},"transfer_id":"TR391563093","to_account":"MDB870205338","from_account":"MDB672307611","amount":{"$numberDecimal":"504"}}
{"_id":{"$oid":"62d6e072cab6d8e13049753b"},"transfer_id":"TR354389070","to_account":"MDB534711911","from_account":"MDB111454924","amount":{"$numberDecimal":"352"}}
{"_id":{"$oid":"62d6e072cab6d8e13049753c"},"transfer_id":"TR713937760","to_account":"MDB534711911","from_account":"MDB584129186","amount":{"$numberDecimal":"2728"}}
{"_id":{"$oid":"62d6e072cab6d8e13049753d"},"transfer_id":"TR464853424","to_account":"MDB870205338","from_account":"MDB190734124","amount":{"$numberDecimal":"2727"}}
{"_id":{"$oid":"62d6e072cab6d8e13049753e"},"transfer_id":"TR396066257","to_account":"MDB600314692","from_account":"MDB740836066","amount":{"$numberDecimal":"2855"}}
{"_id":{"$oid":"62d6e072cab6d8e13049753f"},"transfer_id":"TR196688945","to_account":"MDB269695119","from_account":"MDB343652528","amount":{"$numberDecimal":"183"}}
{"_id":{"$oid":"62d6e072cab6d8e130497540"},"transfer_id":"TR806791572","to_account":"MDB955769550","from_account":"MDB659507055","amount":{"$numberDecimal":"2624"}}
{"_id":{"$oid":"62d6e072cab6d8e130497541"},"transfer_id":"TR437437431","to_account":"MDB963447467","from_account":"MDB659507055","amount":{"$numberDecimal":"2683"}}
{"_id":{"$oid":"62d6e072cab6d8e130497542"},"transfer_id":"TR221622617","to_account":"MDB483602563","from_account":"MDB835466518","amount":{"$numberDecimal":"726"}}
{"_id":{"$oid":"62d6e072cab6d8e130497543"},"transfer_id":"TR633655252","to_account":"MDB584129186","from_account":"MDB995762179","amount":{"$numberDecimal":"426"}}
{"_id":{"$oid":"62d6e072cab6d8e130497544"},"transfer_id":"TR450843107","to_account":"MDB584129186","from_account":"MDB441599102","amount":{"$numberDecimal":"170"}}
{"_id":{"$oid":"62d6e072cab6d8e13049752c"},"transfer_id":"TR598541455","to_account":"MDB190468049","from_account":"MDB343652528","amount":{"$numberDecimal":"2266"}}
{"_id":{"$oid":"62d6e072cab6d8e13049752d"},"transfer_id":"TR297093626","to_account":"MDB534711911","from_account":"MDB106490729","amount":{"$numberDecimal":"3218"}}
{"_id":{"$oid":"62d6e072cab6d8e130497532"},"transfer_id":"TR562656809","to_account":"MDB951086017","from_account":"MDB723623628","amount":{"$numberDecimal":"145"}}
{"_id":{"$oid":"62d6e072cab6d8e13049752f"},"transfer_id":"TR714851157","to_account":"MDB441599102","from_account":"MDB641809724","amount":{"$numberDecimal":"232"}}
{"_id":{"$oid":"62d6e072cab6d8e130497531"},"transfer_id":"TR593289284","to_account":"MDB600314692","from_account":"MDB343652528","amount":{"$numberDecimal":"2082"}}
{"_id":{"$oid":"62d6e072cab6d8e130497530"},"transfer_id":"TR661907648","to_account":"MDB546986470","from_account":"MDB672307611","amount":{"$numberDecimal":"1534"}}
{"_id":{"$oid":"62d6e072cab6d8e130497545"},"transfer_id":"TR512378671","to_account":"MDB860108756","from_account":"MDB659507055","amount":{"$numberDecimal":"2001"}}
{"_id":{"$oid":"62d6e072cab6d8e13049752e"},"transfer_id":"TR987922948","to_account":"MDB781941755","from_account":"MDB405111108","amount":{"$numberDecimal":"2851"}}
{"_id":{"$oid":"62d6e072cab6d8e130497546"},"transfer_id":"TR875028986","to_account":"MDB546986470","from_account":"MDB565900210","amount":{"$numberDecimal":"1243"}}
{"_id":{"$oid":"62d6e072cab6d8e130497547"},"transfer_id":"TR922604241","to_account":"MDB870205338","from_account":"MDB951086017","amount":{"$numberDecimal":"3246"}}
{"_id":{"$oid":"62d6e072cab6d8e130497548"},"transfer_id":"TR263422717","to_account":"MDB333829449","from_account":"MDB963134500","amount":{"$numberDecimal":"1046"}}
{"_id":{"$oid":"62d6e072cab6d8e130497549"},"transfer_id":"TR485029585","to_account":"MDB731846764","from_account":"MDB773154309","amount":{"$numberDecimal":"1430"}}
{"_id":{"$oid":"62d725da04211db07ac2d257"},"transfer_id":"TR02081994","to_account":"MDB333829449","from_account":"MDB643731035","amount":{"$numberDecimal":"20"}}
