{"_id":{"$oid":"62cf8eb2bb9cdbee29caab03"},"species_common":"Eastern Bluebird","species_scientific":"Sialia sialis","date":{"$date":{"$numberLong":"1642550140000"}},"location":{"type":"Point","coordinates":[{"$numberInt":"40"},{"$numberInt":"-74"}]}}
{"_id":{"$oid":"62cf8ebfbb9cdbee29caab04"},"species_common":"Eastern Bluebird","species_scientific":"Sialia sialis","date":{"$date":{"$numberLong":"1642540140000"}},"location":{"type":"Point","coordinates":[{"$numberInt":"40"},{"$numberInt":"-74"}]}}
{"_id":{"$oid":"62cf8e9fbb9cdbee29caab02"},"species_common":"Eastern Bluebird","species_scientific":"Sialia sialis","date":{"$date":{"$numberLong":"1642530140000"}},"location":{"type":"Point","coordinates":[{"$numberInt":"40"},{"$numberInt":"-74"}]}}
{"_id":{"$oid":"62cf32bdcfe5bbb25ee815fc"},"species_common":"Eastern Bluebird","species_scientific":"Sialia sialis","date":{"$date":{"$numberLong":"1642530240000"}},"location":{"type":"Point","coordinates":[{"$numberInt":"40"},{"$numberInt":"-73"}]}}
{"_id":{"$oid":"62cf2f0acfe5bbb25ee815fb"},"species_common":"Eastern Bluebird","species_scientific":"Sialia sialis","date":{"$date":{"$numberLong":"1642443840000"}},"location":{"type":"Point","coordinates":[{"$numberInt":"41"},{"$numberInt":"-74"}]}}
{"_id":{"$oid":"62e2d811b1d5bc85b6e04013"},"species_common":"Northern Cardinal","species_scientific":"Cardinalis Cardinalis","date":{"$date":{"$numberLong":"1642483840000"}},"location":{"type":"Point","coordinates":[{"$numberInt":"41"},{"$numberInt":"-74"}]}}
