{"_id":{"$oid":"626845c4613e55b82d7065d5"},"common_name":"Sanderling","scientific_name":"Calidris alba","wingspan_cm":{"$numberDouble":"43.18"},"habitat":"wetlands","diet":["crustaceans","oceanic invertebrates"],"last_seen":{"$date":{"$numberLong":"1652991644083"}}}
{"_id":{"$oid":"62684d24613e55b82d7065d9"},"common_name":"Palm Warbler","scientific_name":"Setaphaga palmarum","wingspan_cm":{"$numberDouble":"20.32"},"habitat":"field","diet":["insects","seeds","berries"],"last_seen":{"$date":{"$numberLong":"1652991644083"}}}
{"_id":{"$oid":"626844cc613e55b82d7065d3"},"common_name":"Bufflehead","scientific_name":"Bucephala albeola","wingspan_cm":{"$numberDouble":"53.3"},"habitat":"wetlands","diet":["snails","crustaceans","water plants"],"last_seen":{"$date":{"$numberLong":"1652991644083"}}}
{"_id":{"$oid":"62684641613e55b82d7065d6"},"common_name":"Rock Pigeon","scientific_name":"Columba livia","wingspan_cm":{"$numberDouble":"71.12"},"habitat":["urban parks","farmland"],"diet":["grass","grain","fruit","weeds","vegetables"],"last_seen":{"$date":{"$numberLong":"1652991644083"}}}
{"_id":{"$oid":"6268413c613e55b82d7065d2"},"common_name":"Canada Goose","scientific_name":"Branta canadensis","wingspan_cm":{"$numberDouble":"152.4"},"habitat":"wetlands","diet":["grass","algae"],"last_seen":{"$date":{"$numberLong":"1652991644083"}}}
{"_id":{"$oid":"6286a5612f3fa87b7d86dcd2"},"common_name":"Grackle","scientific_name":"Quiscalus quiscula","wingspan_cm":{"$numberDouble":"28.04"},"habitat":"pine trees","diet":["insects","minnows","eggs"],"sightings_count":{"$numberInt":"7"},"last_seen":{"$date":{"$numberLong":"1652991644083"}}}
{"_id":{"$oid":"6268471e613e55b82d7065d7"},"common_name":"Great Horned Owl","scientific_name":"Bubo virginianus","wingspan_cm":{"$numberDouble":"111.76"},"habitat":["grasslands","farmland","tall forest"],"diet":["mice","small mammals","rabbits","shrews"],"last_seen":{"$date":{"$numberLong":"1652991644083"}}}
{"_id":{"$oid":"62cddf53c1d62bc45439bebf"},"common_name":"Grey Catbird","scientific_name":"Dumetella carolinensis","wingspan_cm":{"$numberDouble":"26.04"},"habitat":["vegetation","Scrublands","woodlands"],"diet":["fruit","berries","worms"],"sightings_count":{"$numberInt":"3"}}
{"_id":{"$oid":"62684c8c613e55b82d7065d8"},"common_name":"Purple Martin","scientific_name":"Progne Subis","wingspan_cm":{"$numberDouble":"45.72"},"habitat":"field","diet":["insects"],"last_seen":{"$date":{"$numberLong":"1652991644083"}}}
{"_id":{"$oid":"62684551613e55b82d7065d4"},"common_name":"Great Blue Heron","scientific_name":"Ardea herodias","wingspan_cm":{"$numberDouble":"182.88"},"habitat":"wetlands","diet":["snails","crustaceans","fish","frogs","snakes"],"last_seen":{"$date":{"$numberLong":"1652991644083"}}}
{"_id":{"$oid":"628682d92f3fa87b7d86dcce"},"common_name":"Blue Jay","scientific_name":"Cyanocitta cristata","wingspan_cm":{"$numberDouble":"34.17"},"habitat":"forests","diet":["vegetables","nuts","grains"],"sightings_count":{"$numberInt":"4"},"last_seen":{"$date":{"$numberLong":"1652991644083"}}}
{"_id":{"$oid":"6286809e2f3fa87b7d86dccd"},"common_name":"Northern Cardinal","scientific_name":"Cardinalis cardinalis","wingspan_cm":{"$numberDouble":"25.32"},"habitat":"woodlands","diet":["grain","seeds","fruit"],"last_seen":{"$date":{"$numberLong":"1652991644083"}}}
